"PPN","ILN","Bibliothèque Alma","Bibliothèque SUDOC","RCR"
"022418687",83,,"ORSAY-Bibl. Jacques Hadamard",914712203
"022229752",83,,"ORSAY-Bibl. Jacques Hadamard",914712203
"021892563",83,,"ORSAY-Bibl. Jacques Hadamard",914712203
"021787905",83,,"ORSAY-Bibl. Jacques Hadamard",914712203
"023056460",83,,"ORSAY-Bibl. Jacques Hadamard",914712203
"022319670",83,,"ORSAY-Bibl. Jacques Hadamard",914712203
"021853258",83,,"ORSAY-Bibl. Jacques Hadamard",914712203
"021508623",83,,"ORSAY-Bibl. Jacques Hadamard",914712203
"021508437",83,,"ORSAY-Bibl. Jacques Hadamard",914712203
"021488339",83,,"ORSAY-Bibl. Jacques Hadamard",914712203
"00870547X",83,,"ORSAY-Bibl. Jacques Hadamard",914712203
"021725519",83,,"ORSAY-Bibl. Jacques Hadamard",914712203
"021611033",83,,"ORSAY-Bibl. Jacques Hadamard",914712203
"021400016",83,,"ORSAY-Bibl. Jacques Hadamard",914712203
"021317976",83,,"ORSAY-Bibl. Jacques Hadamard",914712203
"021303193",83,,"ORSAY-Bibl. Jacques Hadamard",914712203
"021211655",83,,"ORSAY-Bibl. Jacques Hadamard",914712203
"021180245",83,,"ORSAY-Bibl. Jacques Hadamard",914712203
"021108226",83,,"ORSAY-Bibl. Jacques Hadamard",914712203
"021043868",83,,"ORSAY-Bibl. Jacques Hadamard",914712203
"02103317X",83,,"ORSAY-Bibl. Jacques Hadamard",914712203
"020856032",83,,"ORSAY-Bibl. Jacques Hadamard",914712203
"020806108",83,,"ORSAY-Bibl. Jacques Hadamard",914712203
"020589220",83,,"ORSAY-Bibl. Jacques Hadamard",914712203
"007714963",83,,"ORSAY-Bibl. Jacques Hadamard",914712203
"007613628",83,,"ORSAY-Bibl. Jacques Hadamard",914712203
"007524714",83,,"ORSAY-Bibl. Jacques Hadamard",914712203
"00728585X",83,,"ORSAY-Bibl. Jacques Hadamard",914712203
"099264218",83,,"ORSAY-Bibl. Jacques Hadamard",914712203
"023020040",83,,"ORSAY-Bibl. Jacques Hadamard",914712203
"023020032",83,,"ORSAY-Bibl. Jacques Hadamard",914712203
"023019980",83,,"ORSAY-Bibl. Jacques Hadamard",914712203
"023000465",83,,"ORSAY-Bibl. Jacques Hadamard",914712203
"023000449",83,,"ORSAY-Bibl. Jacques Hadamard",914712203
"022641890",83,,"ORSAY-Bibl. Jacques Hadamard",914712203
"021601615",83,,"ORSAY-Bibl. Jacques Hadamard",914712203
"021563918",83,,"ORSAY-Bibl. Jacques Hadamard",914712203
"021555710",83,,"ORSAY-Bibl. Jacques Hadamard",914712203
"021480621",83,,"ORSAY-Bibl. Jacques Hadamard",914712203
"021476551",83,,"ORSAY-Bibl. Jacques Hadamard",914712203
"02144983X",83,,"ORSAY-Bibl. Jacques Hadamard",914712203
"021400156",83,,"ORSAY-Bibl. Jacques Hadamard",914712203
"021334773",83,,"ORSAY-Bibl. Jacques Hadamard",914712203
"021211957",83,,"ORSAY-Bibl. Jacques Hadamard",914712203
"02095736X",83,,"ORSAY-Bibl. Jacques Hadamard",914712203
"020926634",83,,"ORSAY-Bibl. Jacques Hadamard",914712203
"020844565",83,,"ORSAY-Bibl. Jacques Hadamard",914712203
"020824262",83,,"ORSAY-Bibl. Jacques Hadamard",914712203
"020703643",83,,"ORSAY-Bibl. Jacques Hadamard",914712203
"020673167",83,,"ORSAY-Bibl. Jacques Hadamard",914712203
"020569505",83,,"ORSAY-Bibl. Jacques Hadamard",914712203
"020460821",83,,"ORSAY-Bibl. Jacques Hadamard",914712203
"016045785",83,,"ORSAY-Bibl. Jacques Hadamard",914712203
"00893648X",83,,"ORSAY-Bibl. Jacques Hadamard",914712203
"022980180",83,,"ORSAY-Bibl. Jacques Hadamard",914712203
"021603073",83,,"ORSAY-Bibl. Jacques Hadamard",914712203
"021602840",83,,"ORSAY-Bibl. Jacques Hadamard",914712203
"021325561",83,,"ORSAY-Bibl. Jacques Hadamard",914712203
"021097348",83,,"ORSAY-Bibl. Jacques Hadamard",914712203
"020696760",83,,"ORSAY-Bibl. Jacques Hadamard",914712203
"020358229",83,,"ORSAY-Bibl. Jacques Hadamard",914712203
"020295340",83,,"ORSAY-Bibl. Jacques Hadamard",914712203
"020295340",83,,"ORSAY-Bibl. Jacques Hadamard",914712203
"020245602",83,,"ORSAY-Bibl. Jacques Hadamard",914712203
"02022348X",83,,"ORSAY-Bibl. Jacques Hadamard",914712203
"02022284X",83,,"ORSAY-Bibl. Jacques Hadamard",914712203
"020183429",83,,"ORSAY-Bibl. Jacques Hadamard",914712203
"020148372",83,,"ORSAY-Bibl. Jacques Hadamard",914712203
"020127545",83,,"ORSAY-Bibl. Jacques Hadamard",914712203
"02009938X",83,,"ORSAY-Bibl. Jacques Hadamard",914712203
"03104669X",83,,"ORSAY-Bibl. Jacques Hadamard",914712203
"030803985",83,,"ORSAY-Bibl. Jacques Hadamard",914712203
"028817222",83,,"ORSAY-Bibl. Jacques Hadamard",914712203
"028698878",83,,"ORSAY-Bibl. Jacques Hadamard",914712203
"028586255",83,,"ORSAY-Bibl. Jacques Hadamard",914712203
"021482659",83,,"ORSAY-Bibl. Jacques Hadamard",914712203
"021445710",83,,"ORSAY-Bibl. Jacques Hadamard",914712203
"021141703",83,,"ORSAY-Bibl. Jacques Hadamard",914712203
"021089477",83,,"ORSAY-Bibl. Jacques Hadamard",914712203
"02078273X",83,,"ORSAY-Bibl. Jacques Hadamard",914712203
"02075163X",83,,"ORSAY-Bibl. Jacques Hadamard",914712203
"020595646",83,,"ORSAY-Bibl. Jacques Hadamard",914712203
"020589085",83,,"ORSAY-Bibl. Jacques Hadamard",914712203
"020589077",83,,"ORSAY-Bibl. Jacques Hadamard",914712203
"020482094",83,,"ORSAY-Bibl. Jacques Hadamard",914712203
"020414609",83,,"ORSAY-Bibl. Jacques Hadamard",914712203
"020398891",83,,"ORSAY-Bibl. Jacques Hadamard",914712203
"020358660",83,,"ORSAY-Bibl. Jacques Hadamard",914712203
"020358377",83,,"ORSAY-Bibl. Jacques Hadamard",914712203
"020357656",83,,"ORSAY-Bibl. Jacques Hadamard",914712203
"020246331",83,,"ORSAY-Bibl. Jacques Hadamard",914712203
"020224842",83,,"ORSAY-Bibl. Jacques Hadamard",914712203
"02020082X",83,,"ORSAY-Bibl. Jacques Hadamard",914712203
"020173458",83,,"ORSAY-Bibl. Jacques Hadamard",914712203
"02011852X",83,,"ORSAY-Bibl. Jacques Hadamard",914712203
"020111681",83,,"ORSAY-Bibl. Jacques Hadamard",914712203
"019808356",83,,"ORSAY-Bibl. Jacques Hadamard",914712203
"019755015",83,,"ORSAY-Bibl. Jacques Hadamard",914712203
"006669697",83,,"ORSAY-Bibl. Jacques Hadamard",914712203
"030322219",83,,"ORSAY-Bibl. Jacques Hadamard",914712203
"028875117",83,,"ORSAY-Bibl. Jacques Hadamard",914712203
"027187594",83,,"ORSAY-Bibl. Jacques Hadamard",914712203
"027187594",83,,"ORSAY-Bibl. Jacques Hadamard",914712203
"027119556",83,,"ORSAY-Bibl. Jacques Hadamard",914712203
"02619578X",83,,"ORSAY-Bibl. Jacques Hadamard",914712203
"02619578X",83,,"ORSAY-Bibl. Jacques Hadamard",914712203
"022900861",83,,"ORSAY-Bibl. Jacques Hadamard",914712203
"021590060",83,,"ORSAY-Bibl. Jacques Hadamard",914712203
"020190271",83,,"ORSAY-Bibl. Jacques Hadamard",914712203
"02013049X",83,,"ORSAY-Bibl. Jacques Hadamard",914712203
"020130112",83,,"ORSAY-Bibl. Jacques Hadamard",914712203
"02012368X",83,,"ORSAY-Bibl. Jacques Hadamard",914712203
"020102917",83,,"ORSAY-Bibl. Jacques Hadamard",914712203
"019808984",83,,"ORSAY-Bibl. Jacques Hadamard",914712203
"019738935",83,,"ORSAY-Bibl. Jacques Hadamard",914712203
"019728492",83,,"ORSAY-Bibl. Jacques Hadamard",914712203
"031161545",83,,"ORSAY-Bibl. Jacques Hadamard",914712203
"030364825",83,,"ORSAY-Bibl. Jacques Hadamard",914712203
"029956919",83,,"ORSAY-Bibl. Jacques Hadamard",914712203
"02960219X",83,,"ORSAY-Bibl. Jacques Hadamard",914712203
"028518802",83,,"ORSAY-Bibl. Jacques Hadamard",914712203
"027900525",83,,"ORSAY-Bibl. Jacques Hadamard",914712203
"027896544",83,,"ORSAY-Bibl. Jacques Hadamard",914712203
"026589001",83,,"ORSAY-Bibl. Jacques Hadamard",914712203
"026589001",83,,"ORSAY-Bibl. Jacques Hadamard",914712203
"026587475",83,,"ORSAY-Bibl. Jacques Hadamard",914712203
"026402750",83,,"ORSAY-Bibl. Jacques Hadamard",914712203
"026313227",83,,"ORSAY-Bibl. Jacques Hadamard",914712203
"026304910",83,,"ORSAY-Bibl. Jacques Hadamard",914712203
"026234327",83,,"ORSAY-Bibl. Jacques Hadamard",914712203
"026163535",83,,"ORSAY-Bibl. Jacques Hadamard",914712203
"025968858",83,,"ORSAY-Bibl. Jacques Hadamard",914712203
"025946552",83,,"ORSAY-Bibl. Jacques Hadamard",914712203
"025946552",83,,"ORSAY-Bibl. Jacques Hadamard",914712203
"025902954",83,,"ORSAY-Bibl. Jacques Hadamard",914712203
"02562282X",83,,"ORSAY-Bibl. Jacques Hadamard",914712203
"025581805",83,,"ORSAY-Bibl. Jacques Hadamard",914712203
"025581805",83,,"ORSAY-Bibl. Jacques Hadamard",914712203
"025009575",83,,"ORSAY-Bibl. Jacques Hadamard",914712203
"022929711",83,,"ORSAY-Bibl. Jacques Hadamard",914712203
"021647399",83,,"ORSAY-Bibl. Jacques Hadamard",914712203
"020371136",83,,"ORSAY-Bibl. Jacques Hadamard",914712203
"02014086X",83,,"ORSAY-Bibl. Jacques Hadamard",914712203
"026230704",83,,"ORSAY-Bibl. Jacques Hadamard",914712203
"026127490",83,,"ORSAY-Bibl. Jacques Hadamard",914712203
"025995669",83,,"ORSAY-Bibl. Jacques Hadamard",914712203
"025961500",83,,"ORSAY-Bibl. Jacques Hadamard",914712203
"025961470",83,,"ORSAY-Bibl. Jacques Hadamard",914712203
"025911872",83,,"ORSAY-Bibl. Jacques Hadamard",914712203
"02585769X",83,,"ORSAY-Bibl. Jacques Hadamard",914712203
"025809350",83,,"ORSAY-Bibl. Jacques Hadamard",914712203
"025802402",83,,"ORSAY-Bibl. Jacques Hadamard",914712203
"025540858",83,,"ORSAY-Bibl. Jacques Hadamard",914712203
"025539566",83,,"ORSAY-Bibl. Jacques Hadamard",914712203
"025537512",83,,"ORSAY-Bibl. Jacques Hadamard",914712203
"025475916",83,,"ORSAY-Bibl. Jacques Hadamard",914712203
"025431994",83,,"ORSAY-Bibl. Jacques Hadamard",914712203
"02531145X",83,,"ORSAY-Bibl. Jacques Hadamard",914712203
"024978809",83,,"ORSAY-Bibl. Jacques Hadamard",914712203
"024948624",83,,"ORSAY-Bibl. Jacques Hadamard",914712203
"024607622",83,,"ORSAY-Bibl. Jacques Hadamard",914712203
"024607622",83,,"ORSAY-Bibl. Jacques Hadamard",914712203
"008879621",83,,"ORSAY-Bibl. Jacques Hadamard",914712203
"030718694",83,,"ORSAY-Bibl. Jacques Hadamard",914712203
"030150485",83,,"ORSAY-Bibl. Jacques Hadamard",914712203
"026844117",83,,"ORSAY-Bibl. Jacques Hadamard",914712203
"026384698",83,,"ORSAY-Bibl. Jacques Hadamard",914712203
"026171767",83,,"ORSAY-Bibl. Jacques Hadamard",914712203
"026139359",83,,"ORSAY-Bibl. Jacques Hadamard",914712203
"026054728",83,,"ORSAY-Bibl. Jacques Hadamard",914712203
"026052571",83,,"ORSAY-Bibl. Jacques Hadamard",914712203
"025987828",83,,"ORSAY-Bibl. Jacques Hadamard",914712203
"025653547",83,,"ORSAY-Bibl. Jacques Hadamard",914712203
"025623419",83,,"ORSAY-Bibl. Jacques Hadamard",914712203
"025492357",83,,"ORSAY-Bibl. Jacques Hadamard",914712203
"025492357",83,,"ORSAY-Bibl. Jacques Hadamard",914712203
"025399802",83,,"ORSAY-Bibl. Jacques Hadamard",914712203
"025357018",83,,"ORSAY-Bibl. Jacques Hadamard",914712203
"025339621",83,,"ORSAY-Bibl. Jacques Hadamard",914712203
"025301322",83,,"ORSAY-Bibl. Jacques Hadamard",914712203
"025061836",83,,"ORSAY-Bibl. Jacques Hadamard",914712203
"024705438",83,,"ORSAY-Bibl. Jacques Hadamard",914712203
"024644501",83,,"ORSAY-Bibl. Jacques Hadamard",914712203
"024316849",83,,"ORSAY-Bibl. Jacques Hadamard",914712203
"023000244",83,,"ORSAY-Bibl. Jacques Hadamard",914712203
"022957278",83,,"ORSAY-Bibl. Jacques Hadamard",914712203
"020874456",83,,"ORSAY-Bibl. Jacques Hadamard",914712203
"020646232",83,,"ORSAY-Bibl. Jacques Hadamard",914712203
"020306865",83,,"ORSAY-Bibl. Jacques Hadamard",914712203
"019790082",83,,"ORSAY-Bibl. Jacques Hadamard",914712203
"008277923",83,,"ORSAY-Bibl. Jacques Hadamard",914712203
"02635294X",83,,"ORSAY-Bibl. Jacques Hadamard",914712203
"026352915",83,,"ORSAY-Bibl. Jacques Hadamard",914712203
"026351307",83,,"ORSAY-Bibl. Jacques Hadamard",914712203
"026197529",83,,"ORSAY-Bibl. Jacques Hadamard",914712203
"025657674",83,,"ORSAY-Bibl. Jacques Hadamard",914712203
"025645617",83,,"ORSAY-Bibl. Jacques Hadamard",914712203
"025330047",83,,"ORSAY-Bibl. Jacques Hadamard",914712203
"025278924",83,,"ORSAY-Bibl. Jacques Hadamard",914712203
"025271474",83,,"ORSAY-Bibl. Jacques Hadamard",914712203
"02516337X",83,,"ORSAY-Bibl. Jacques Hadamard",914712203
"024851302",83,,"ORSAY-Bibl. Jacques Hadamard",914712203
"024764353",83,,"ORSAY-Bibl. Jacques Hadamard",914712203
"02458584X",83,,"ORSAY-Bibl. Jacques Hadamard",914712203
"024416649",83,,"ORSAY-Bibl. Jacques Hadamard",914712203
"024316105",83,,"ORSAY-Bibl. Jacques Hadamard",914712203
"024310433",83,,"ORSAY-Bibl. Jacques Hadamard",914712203
"02422295X",83,,"ORSAY-Bibl. Jacques Hadamard",914712203
"024125032",83,,"ORSAY-Bibl. Jacques Hadamard",914712203
"023977787",83,,"ORSAY-Bibl. Jacques Hadamard",914712203
"023972742",83,,"ORSAY-Bibl. Jacques Hadamard",914712203
"023959738",83,,"ORSAY-Bibl. Jacques Hadamard",914712203
"009240586",83,,"ORSAY-Bibl. Jacques Hadamard",914712203
"028131851",83,,"ORSAY-Bibl. Jacques Hadamard",914712203
"026229366",83,,"ORSAY-Bibl. Jacques Hadamard",914712203
"02622934X",83,,"ORSAY-Bibl. Jacques Hadamard",914712203
"026125358",83,,"ORSAY-Bibl. Jacques Hadamard",914712203
"026017067",83,,"ORSAY-Bibl. Jacques Hadamard",914712203
"025319035",83,,"ORSAY-Bibl. Jacques Hadamard",914712203
"025233238",83,,"ORSAY-Bibl. Jacques Hadamard",914712203
"025037900",83,,"ORSAY-Bibl. Jacques Hadamard",914712203
"024846457",83,,"ORSAY-Bibl. Jacques Hadamard",914712203
"024557064",83,,"ORSAY-Bibl. Jacques Hadamard",914712203
"02454065X",83,,"ORSAY-Bibl. Jacques Hadamard",914712203
"024529206",83,,"ORSAY-Bibl. Jacques Hadamard",914712203
"024519103",83,,"ORSAY-Bibl. Jacques Hadamard",914712203
"024509752",83,,"ORSAY-Bibl. Jacques Hadamard",914712203
"024363367",83,,"ORSAY-Bibl. Jacques Hadamard",914712203
"024363197",83,,"ORSAY-Bibl. Jacques Hadamard",914712203
"024314951",83,,"ORSAY-Bibl. Jacques Hadamard",914712203
"024314943",83,,"ORSAY-Bibl. Jacques Hadamard",914712203
"024030295",83,,"ORSAY-Bibl. Jacques Hadamard",914712203
"024019623",83,,"ORSAY-Bibl. Jacques Hadamard",914712203
"023927917",83,,"ORSAY-Bibl. Jacques Hadamard",914712203
"023913657",83,,"ORSAY-Bibl. Jacques Hadamard",914712203
"022904492",83,,"ORSAY-Bibl. Jacques Hadamard",914712203
"022820760",83,,"ORSAY-Bibl. Jacques Hadamard",914712203
"022819355",83,,"ORSAY-Bibl. Jacques Hadamard",914712203
"022777806",83,,"ORSAY-Bibl. Jacques Hadamard",914712203
"022731237",83,,"ORSAY-Bibl. Jacques Hadamard",914712203
"022728481",83,,"ORSAY-Bibl. Jacques Hadamard",914712203
"022700153",83,,"ORSAY-Bibl. Jacques Hadamard",914712203
"022604316",83,,"ORSAY-Bibl. Jacques Hadamard",914712203
"022604316",83,,"ORSAY-Bibl. Jacques Hadamard",914712203
"022587497",83,,"ORSAY-Bibl. Jacques Hadamard",914712203
"021587558",83,,"ORSAY-Bibl. Jacques Hadamard",914712203
"020376650",83,,"ORSAY-Bibl. Jacques Hadamard",914712203
"020190298",83,,"ORSAY-Bibl. Jacques Hadamard",914712203
"020167857",83,,"ORSAY-Bibl. Jacques Hadamard",914712203
"019664834",83,,"ORSAY-Bibl. Jacques Hadamard",914712203
"019579918",83,,"ORSAY-Bibl. Jacques Hadamard",914712203
"012944815",83,,"ORSAY-Bibl. Jacques Hadamard",914712203
"012037001",83,,"ORSAY-Bibl. Jacques Hadamard",914712203
"026244489",83,,"ORSAY-Bibl. Jacques Hadamard",914712203
"026058057",83,,"ORSAY-Bibl. Jacques Hadamard",914712203
"025577522",83,,"ORSAY-Bibl. Jacques Hadamard",914712203
"025472321",83,,"ORSAY-Bibl. Jacques Hadamard",914712203
"025351893",83,,"ORSAY-Bibl. Jacques Hadamard",914712203
"025314033",83,,"ORSAY-Bibl. Jacques Hadamard",914712203
"025314009",83,,"ORSAY-Bibl. Jacques Hadamard",914712203
"025313894",83,,"ORSAY-Bibl. Jacques Hadamard",914712203
"025298593",83,,"ORSAY-Bibl. Jacques Hadamard",914712203
"024686646",83,,"ORSAY-Bibl. Jacques Hadamard",914712203
"024323373",83,,"ORSAY-Bibl. Jacques Hadamard",914712203
"024140201",83,,"ORSAY-Bibl. Jacques Hadamard",914712203
"024032298",83,,"ORSAY-Bibl. Jacques Hadamard",914712203
"023724684",83,,"ORSAY-Bibl. Jacques Hadamard",914712203
"023693452",83,,"ORSAY-Bibl. Jacques Hadamard",914712203
"022957251",83,,"ORSAY-Bibl. Jacques Hadamard",914712203
"022717862",83,,"ORSAY-Bibl. Jacques Hadamard",914712203
"022702377",83,,"ORSAY-Bibl. Jacques Hadamard",914712203
"022586881",83,,"ORSAY-Bibl. Jacques Hadamard",914712203
"02016906X",83,,"ORSAY-Bibl. Jacques Hadamard",914712203
"019505698",83,,"ORSAY-Bibl. Jacques Hadamard",914712203
"019419481",83,,"ORSAY-Bibl. Jacques Hadamard",914712203
"019306822",83,,"ORSAY-Bibl. Jacques Hadamard",914712203
"019200064",83,,"ORSAY-Bibl. Jacques Hadamard",914712203
"019176627",83,,"ORSAY-Bibl. Jacques Hadamard",914712203
"01915416X",83,,"ORSAY-Bibl. Jacques Hadamard",914712203
"018977812",83,,"ORSAY-Bibl. Jacques Hadamard",914712203
"018977812",83,,"ORSAY-Bibl. Jacques Hadamard",914712203
"01892803X",83,,"ORSAY-Bibl. Jacques Hadamard",914712203
"01890954X",83,,"ORSAY-Bibl. Jacques Hadamard",914712203
"018547788",83,,"ORSAY-Bibl. Jacques Hadamard",914712203
"00756015X",83,,"ORSAY-Bibl. Jacques Hadamard",914712203
"026229382",83,,"ORSAY-Bibl. Jacques Hadamard",914712203
"026229374",83,,"ORSAY-Bibl. Jacques Hadamard",914712203
"026136597",83,,"ORSAY-Bibl. Jacques Hadamard",914712203
"026123215",83,,"ORSAY-Bibl. Jacques Hadamard",914712203
"025576976",83,,"ORSAY-Bibl. Jacques Hadamard",914712203
"025391348",83,,"ORSAY-Bibl. Jacques Hadamard",914712203
"025313967",83,,"ORSAY-Bibl. Jacques Hadamard",914712203
"023995165",83,,"ORSAY-Bibl. Jacques Hadamard",914712203
"023971460",83,,"ORSAY-Bibl. Jacques Hadamard",914712203
"023895187",83,,"ORSAY-Bibl. Jacques Hadamard",914712203
"022944559",83,,"ORSAY-Bibl. Jacques Hadamard",914712203
"022737537",83,,"ORSAY-Bibl. Jacques Hadamard",914712203
"022589716",83,,"ORSAY-Bibl. Jacques Hadamard",914712203
"020330820",83,,"ORSAY-Bibl. Jacques Hadamard",914712203
"019724292",83,,"ORSAY-Bibl. Jacques Hadamard",914712203
"019391897",83,,"ORSAY-Bibl. Jacques Hadamard",914712203
"019356919",83,,"ORSAY-Bibl. Jacques Hadamard",914712203
"019296789",83,,"ORSAY-Bibl. Jacques Hadamard",914712203
"019234252",83,,"ORSAY-Bibl. Jacques Hadamard",914712203
"019101104",83,,"ORSAY-Bibl. Jacques Hadamard",914712203
"018920187",83,,"ORSAY-Bibl. Jacques Hadamard",914712203
"018747639",83,,"ORSAY-Bibl. Jacques Hadamard",914712203
"018673163",83,,"ORSAY-Bibl. Jacques Hadamard",914712203
"018662951",83,,"ORSAY-Bibl. Jacques Hadamard",914712203
"018594050",83,,"ORSAY-Bibl. Jacques Hadamard",914712203
"01858327X",83,,"ORSAY-Bibl. Jacques Hadamard",914712203
"018548628",83,,"ORSAY-Bibl. Jacques Hadamard",914712203
"018548172",83,,"ORSAY-Bibl. Jacques Hadamard",914712203
"018548172",83,,"ORSAY-Bibl. Jacques Hadamard",914712203
"01850793X",83,,"ORSAY-Bibl. Jacques Hadamard",914712203
"01835937X",83,,"ORSAY-Bibl. Jacques Hadamard",914712203
"015788458",83,,"ORSAY-Bibl. Jacques Hadamard",914712203
"026467569",83,,"ORSAY-Bibl. Jacques Hadamard",914712203
"026229501",83,,"ORSAY-Bibl. Jacques Hadamard",914712203
"02583617X",83,,"ORSAY-Bibl. Jacques Hadamard",914712203
"024842710",83,,"ORSAY-Bibl. Jacques Hadamard",914712203
"024836729",83,,"ORSAY-Bibl. Jacques Hadamard",914712203
"024493287",83,,"ORSAY-Bibl. Jacques Hadamard",914712203
"024413666",83,,"ORSAY-Bibl. Jacques Hadamard",914712203
"024066141",83,,"ORSAY-Bibl. Jacques Hadamard",914712203
"023028513",83,,"ORSAY-Bibl. Jacques Hadamard",914712203
"02295726X",83,,"ORSAY-Bibl. Jacques Hadamard",914712203
"022716106",83,,"ORSAY-Bibl. Jacques Hadamard",914712203
"022645772",83,,"ORSAY-Bibl. Jacques Hadamard",914712203
"019644957",83,,"ORSAY-Bibl. Jacques Hadamard",914712203
"019604815",83,,"ORSAY-Bibl. Jacques Hadamard",914712203
"019597908",83,,"ORSAY-Bibl. Jacques Hadamard",914712203
"019498713",83,,"ORSAY-Bibl. Jacques Hadamard",914712203
"018828809",83,,"ORSAY-Bibl. Jacques Hadamard",914712203
"018465714",83,,"ORSAY-Bibl. Jacques Hadamard",914712203
"01838045X",83,,"ORSAY-Bibl. Jacques Hadamard",914712203
"018232736",83,,"ORSAY-Bibl. Jacques Hadamard",914712203
"018094406",83,,"ORSAY-Bibl. Jacques Hadamard",914712203
"018084761",83,,"ORSAY-Bibl. Jacques Hadamard",914712203
"018069924",83,,"ORSAY-Bibl. Jacques Hadamard",914712203
"018056687",83,,"ORSAY-Bibl. Jacques Hadamard",914712203
"018018890",83,,"ORSAY-Bibl. Jacques Hadamard",914712203
"01800430X",83,,"ORSAY-Bibl. Jacques Hadamard",914712203
"017974283",83,,"ORSAY-Bibl. Jacques Hadamard",914712203
"017956412",83,,"ORSAY-Bibl. Jacques Hadamard",914712203
"01780311X",83,,"ORSAY-Bibl. Jacques Hadamard",914712203
"017672864",83,,"ORSAY-Bibl. Jacques Hadamard",914712203
"016157133",83,,"ORSAY-Bibl. Jacques Hadamard",914712203
"016157095",83,,"ORSAY-Bibl. Jacques Hadamard",914712203
"025078755",83,,"ORSAY-Bibl. Jacques Hadamard",914712203
"024799769",83,,"ORSAY-Bibl. Jacques Hadamard",914712203
"023028491",83,,"ORSAY-Bibl. Jacques Hadamard",914712203
"022816410",83,,"ORSAY-Bibl. Jacques Hadamard",914712203
"022809384",83,,"ORSAY-Bibl. Jacques Hadamard",914712203
"022780130",83,,"ORSAY-Bibl. Jacques Hadamard",914712203
"021593167",83,,"ORSAY-Bibl. Jacques Hadamard",914712203
"020360967",83,,"ORSAY-Bibl. Jacques Hadamard",914712203
"019102410",83,,"ORSAY-Bibl. Jacques Hadamard",914712203
"018082017",83,,"ORSAY-Bibl. Jacques Hadamard",914712203
"017766001",83,,"ORSAY-Bibl. Jacques Hadamard",914712203
"017644968",83,,"ORSAY-Bibl. Jacques Hadamard",914712203
"017636329",83,,"ORSAY-Bibl. Jacques Hadamard",914712203
"017574099",83,,"ORSAY-Bibl. Jacques Hadamard",914712203
"01745588X",83,,"ORSAY-Bibl. Jacques Hadamard",914712203
"017404657",83,,"ORSAY-Bibl. Jacques Hadamard",914712203
"017381711",83,,"ORSAY-Bibl. Jacques Hadamard",914712203
"017342392",83,,"ORSAY-Bibl. Jacques Hadamard",914712203
"017289793",83,,"ORSAY-Bibl. Jacques Hadamard",914712203
"017232635",83,,"ORSAY-Bibl. Jacques Hadamard",914712203
"017153166",83,,"ORSAY-Bibl. Jacques Hadamard",914712203
"016625587",83,,"ORSAY-Bibl. Jacques Hadamard",914712203
"029123720",83,,"ORSAY-Bibl. Jacques Hadamard",914712203
"026204339",83,,"ORSAY-Bibl. Jacques Hadamard",914712203
"024838225",83,,"ORSAY-Bibl. Jacques Hadamard",914712203
"024838101",83,,"ORSAY-Bibl. Jacques Hadamard",914712203
"024605433",83,,"ORSAY-Bibl. Jacques Hadamard",914712203
"023028467",83,,"ORSAY-Bibl. Jacques Hadamard",914712203
"022816399",83,,"ORSAY-Bibl. Jacques Hadamard",914712203
"022809376",83,,"ORSAY-Bibl. Jacques Hadamard",914712203
"022809155",83,,"ORSAY-Bibl. Jacques Hadamard",914712203
"022804730",83,,"ORSAY-Bibl. Jacques Hadamard",914712203
"022689826",83,,"ORSAY-Bibl. Jacques Hadamard",914712203
"022689796",83,,"ORSAY-Bibl. Jacques Hadamard",914712203
"018431844",83,,"ORSAY-Bibl. Jacques Hadamard",914712203
"017512255",83,,"ORSAY-Bibl. Jacques Hadamard",914712203
"017270634",83,,"ORSAY-Bibl. Jacques Hadamard",914712203
"016725603",83,,"ORSAY-Bibl. Jacques Hadamard",914712203
"016362721",83,,"ORSAY-Bibl. Jacques Hadamard",914712203
"029130867",83,,"ORSAY-Bibl. Jacques Hadamard",914712203
"029105501",83,,"ORSAY-Bibl. Jacques Hadamard",914712203
"026418754",83,,"ORSAY-Bibl. Jacques Hadamard",914712203
"025331558",83,,"ORSAY-Bibl. Jacques Hadamard",914712203
"022981993",83,,"ORSAY-Bibl. Jacques Hadamard",914712203
"022809562",83,,"ORSAY-Bibl. Jacques Hadamard",914712203
"016675010",83,,"ORSAY-Bibl. Jacques Hadamard",914712203
"016667956",83,,"ORSAY-Bibl. Jacques Hadamard",914712203
"016482603",83,,"ORSAY-Bibl. Jacques Hadamard",914712203
"016421140",83,,"ORSAY-Bibl. Jacques Hadamard",914712203
"016377206",83,,"ORSAY-Bibl. Jacques Hadamard",914712203
"016332636",83,,"ORSAY-Bibl. Jacques Hadamard",914712203
"016075129",83,,"ORSAY-Bibl. Jacques Hadamard",914712203
"016004523",83,,"ORSAY-Bibl. Jacques Hadamard",914712203
"015927954",83,,"ORSAY-Bibl. Jacques Hadamard",914712203
"015924742",83,,"ORSAY-Bibl. Jacques Hadamard",914712203
"015899616",83,,"ORSAY-Bibl. Jacques Hadamard",914712203
"015605590",83,,"ORSAY-Bibl. Jacques Hadamard",914712203
"015568474",83,,"ORSAY-Bibl. Jacques Hadamard",914712203
"012563218",83,,"ORSAY-Bibl. Jacques Hadamard",914712203
"029120950",83,,"ORSAY-Bibl. Jacques Hadamard",914712203
"024777676",83,,"ORSAY-Bibl. Jacques Hadamard",914712203
"023116579",83,,"ORSAY-Bibl. Jacques Hadamard",914712203
"022944435",83,,"ORSAY-Bibl. Jacques Hadamard",914712203
"022922369",83,,"ORSAY-Bibl. Jacques Hadamard",914712203
"022907335",83,,"ORSAY-Bibl. Jacques Hadamard",914712203
"022809309",83,,"ORSAY-Bibl. Jacques Hadamard",914712203
"022736956",83,,"ORSAY-Bibl. Jacques Hadamard",914712203
"022671420",83,,"ORSAY-Bibl. Jacques Hadamard",914712203
"022652590",83,,"ORSAY-Bibl. Jacques Hadamard",914712203
"01889741X",83,,"ORSAY-Bibl. Jacques Hadamard",914712203
"015850501",83,,"ORSAY-Bibl. Jacques Hadamard",914712203
"015731626",83,,"ORSAY-Bibl. Jacques Hadamard",914712203
"015668460",83,,"ORSAY-Bibl. Jacques Hadamard",914712203
"015493148",83,,"ORSAY-Bibl. Jacques Hadamard",914712203
"015493148",83,,"ORSAY-Bibl. Jacques Hadamard",914712203
"015376702",83,,"ORSAY-Bibl. Jacques Hadamard",914712203
"015356019",83,,"ORSAY-Bibl. Jacques Hadamard",914712203
"014971208",83,,"ORSAY-Bibl. Jacques Hadamard",914712203
"009658157",83,,"ORSAY-Bibl. Jacques Hadamard",914712203
"009143149",83,,"ORSAY-Bibl. Jacques Hadamard",914712203
"029071674",83,,"ORSAY-Bibl. Jacques Hadamard",914712203
"025869906",83,,"ORSAY-Bibl. Jacques Hadamard",914712203
"025821563",83,,"ORSAY-Bibl. Jacques Hadamard",914712203
"024848107",83,,"ORSAY-Bibl. Jacques Hadamard",914712203
"02394062X",83,,"ORSAY-Bibl. Jacques Hadamard",914712203
"023017813",83,,"ORSAY-Bibl. Jacques Hadamard",914712203
"022907017",83,,"ORSAY-Bibl. Jacques Hadamard",914712203
"022566805",83,,"ORSAY-Bibl. Jacques Hadamard",914712203
"021346224",83,,"ORSAY-Bibl. Jacques Hadamard",914712203
"019726791",83,,"ORSAY-Bibl. Jacques Hadamard",914712203
"015456978",83,,"ORSAY-Bibl. Jacques Hadamard",914712203
"015354210",83,,"ORSAY-Bibl. Jacques Hadamard",914712203
"015351998",83,,"ORSAY-Bibl. Jacques Hadamard",914712203
"015345327",83,,"ORSAY-Bibl. Jacques Hadamard",914712203
"015299988",83,,"ORSAY-Bibl. Jacques Hadamard",914712203
"01525402X",83,,"ORSAY-Bibl. Jacques Hadamard",914712203
"015243583",83,,"ORSAY-Bibl. Jacques Hadamard",914712203
"015033333",83,,"ORSAY-Bibl. Jacques Hadamard",914712203
"014971089",83,,"ORSAY-Bibl. Jacques Hadamard",914712203
"014909286",83,,"ORSAY-Bibl. Jacques Hadamard",914712203
"014896362",83,,"ORSAY-Bibl. Jacques Hadamard",914712203
"014876841",83,,"ORSAY-Bibl. Jacques Hadamard",914712203
"012598658",83,,"ORSAY-Bibl. Jacques Hadamard",914712203
"009568956",83,,"ORSAY-Bibl. Jacques Hadamard",914712203
"006024343",83,,"ORSAY-Bibl. Jacques Hadamard",914712203
"028261739",83,,"ORSAY-Bibl. Jacques Hadamard",914712203
"026158329",83,,"ORSAY-Bibl. Jacques Hadamard",914712203
"025916629",83,,"ORSAY-Bibl. Jacques Hadamard",914712203
"02470699X",83,,"ORSAY-Bibl. Jacques Hadamard",914712203
"022943994",83,,"ORSAY-Bibl. Jacques Hadamard",914712203
"022809554",83,,"ORSAY-Bibl. Jacques Hadamard",914712203
"021346216",83,,"ORSAY-Bibl. Jacques Hadamard",914712203
"021346208",83,,"ORSAY-Bibl. Jacques Hadamard",914712203
"019439016",83,,"ORSAY-Bibl. Jacques Hadamard",914712203
"018178812",83,,"ORSAY-Bibl. Jacques Hadamard",914712203
"015230813",83,,"ORSAY-Bibl. Jacques Hadamard",914712203
"014732289",83,,"ORSAY-Bibl. Jacques Hadamard",914712203
"014524228",83,,"ORSAY-Bibl. Jacques Hadamard",914712203
"014349868",83,,"ORSAY-Bibl. Jacques Hadamard",914712203
"011287217",83,,"ORSAY-Bibl. Jacques Hadamard",914712203
"026047764",83,,"ORSAY-Bibl. Jacques Hadamard",914712203
"025847007",83,,"ORSAY-Bibl. Jacques Hadamard",914712203
"023916753",83,,"ORSAY-Bibl. Jacques Hadamard",914712203
"02306028X",83,,"ORSAY-Bibl. Jacques Hadamard",914712203
"023060255",83,,"ORSAY-Bibl. Jacques Hadamard",914712203
"022809244",83,,"ORSAY-Bibl. Jacques Hadamard",914712203
"022801715",83,,"ORSAY-Bibl. Jacques Hadamard",914712203
"022671595",83,,"ORSAY-Bibl. Jacques Hadamard",914712203
"021346194",83,,"ORSAY-Bibl. Jacques Hadamard",914712203
"021346186",83,,"ORSAY-Bibl. Jacques Hadamard",914712203
"019652321",83,,"ORSAY-Bibl. Jacques Hadamard",914712203
"019369565",83,,"ORSAY-Bibl. Jacques Hadamard",914712203
"018761623",83,,"ORSAY-Bibl. Jacques Hadamard",914712203
"016416260",83,,"ORSAY-Bibl. Jacques Hadamard",914712203
"015963020",83,,"ORSAY-Bibl. Jacques Hadamard",914712203
"012793817",83,,"ORSAY-Bibl. Jacques Hadamard",914712203
"008355010",83,,"ORSAY-Bibl. Jacques Hadamard",914712203
"025279467",83,,"ORSAY-Bibl. Jacques Hadamard",914712203
"023804815",83,,"ORSAY-Bibl. Jacques Hadamard",914712203
"022798226",83,,"ORSAY-Bibl. Jacques Hadamard",914712203
"022671560",83,,"ORSAY-Bibl. Jacques Hadamard",914712203
"022656634",83,,"ORSAY-Bibl. Jacques Hadamard",914712203
"022613358",83,,"ORSAY-Bibl. Jacques Hadamard",914712203
"02134616X",83,,"ORSAY-Bibl. Jacques Hadamard",914712203
"020841213",83,,"ORSAY-Bibl. Jacques Hadamard",914712203
"019748558",83,,"ORSAY-Bibl. Jacques Hadamard",914712203
"019431384",83,,"ORSAY-Bibl. Jacques Hadamard",914712203
"019297009",83,,"ORSAY-Bibl. Jacques Hadamard",914712203
"018667082",83,,"ORSAY-Bibl. Jacques Hadamard",914712203
"017141117",83,,"ORSAY-Bibl. Jacques Hadamard",914712203
"016167783",83,,"ORSAY-Bibl. Jacques Hadamard",914712203
"014387220",83,,"ORSAY-Bibl. Jacques Hadamard",914712203
"014218682",83,,"ORSAY-Bibl. Jacques Hadamard",914712203
"014146207",83,,"ORSAY-Bibl. Jacques Hadamard",914712203
"012549770",83,,"ORSAY-Bibl. Jacques Hadamard",914712203
"012549770",83,,"ORSAY-Bibl. Jacques Hadamard",914712203
"009071067",83,,"ORSAY-Bibl. Jacques Hadamard",914712203
"025638270",83,,"ORSAY-Bibl. Jacques Hadamard",914712203
"024577103",83,,"ORSAY-Bibl. Jacques Hadamard",914712203
"023060263",83,,"ORSAY-Bibl. Jacques Hadamard",914712203
"022777598",83,,"ORSAY-Bibl. Jacques Hadamard",914712203
"022687912",83,,"ORSAY-Bibl. Jacques Hadamard",914712203
"022648186",83,,"ORSAY-Bibl. Jacques Hadamard",914712203
"022640304",83,,"ORSAY-Bibl. Jacques Hadamard",914712203
"022575170",83,,"ORSAY-Bibl. Jacques Hadamard",914712203
"021041539",83,,"ORSAY-Bibl. Jacques Hadamard",914712203
"020160410",83,,"ORSAY-Bibl. Jacques Hadamard",914712203
"019158319",83,,"ORSAY-Bibl. Jacques Hadamard",914712203
"015907023",83,,"ORSAY-Bibl. Jacques Hadamard",914712203
"01583221X",83,,"ORSAY-Bibl. Jacques Hadamard",914712203
"01583221X",83,,"ORSAY-Bibl. Jacques Hadamard",914712203
"01583221X",83,,"ORSAY-Bibl. Jacques Hadamard",914712203
"008471487",83,,"ORSAY-Bibl. Jacques Hadamard",914712203
"008471487",83,,"ORSAY-Bibl. Jacques Hadamard",914712203
"027755150",83,,"ORSAY-Bibl. Jacques Hadamard",914712203
"025816292",83,,"ORSAY-Bibl. Jacques Hadamard",914712203
"025642022",83,,"ORSAY-Bibl. Jacques Hadamard",914712203
"024664154",83,,"ORSAY-Bibl. Jacques Hadamard",914712203
"024569380",83,,"ORSAY-Bibl. Jacques Hadamard",914712203
"02378945X",83,,"ORSAY-Bibl. Jacques Hadamard",914712203
"02378945X",83,,"ORSAY-Bibl. Jacques Hadamard",914712203
"023112514",83,,"ORSAY-Bibl. Jacques Hadamard",914712203
"02305333X",83,,"ORSAY-Bibl. Jacques Hadamard",914712203
"023053275",83,,"ORSAY-Bibl. Jacques Hadamard",914712203
"02303226X",83,,"ORSAY-Bibl. Jacques Hadamard",914712203
"02221495X",83,,"ORSAY-Bibl. Jacques Hadamard",914712203
"020410905",83,,"ORSAY-Bibl. Jacques Hadamard",914712203
"019810083",83,,"ORSAY-Bibl. Jacques Hadamard",914712203
"019742142",83,,"ORSAY-Bibl. Jacques Hadamard",914712203
"019654480",83,,"ORSAY-Bibl. Jacques Hadamard",914712203
"019654480",83,,"ORSAY-Bibl. Jacques Hadamard",914712203
"018369391",83,,"ORSAY-Bibl. Jacques Hadamard",914712203
"016939905",83,,"ORSAY-Bibl. Jacques Hadamard",914712203
"016715004",83,,"ORSAY-Bibl. Jacques Hadamard",914712203
"01632241X",83,,"ORSAY-Bibl. Jacques Hadamard",914712203
"01572252X",83,,"ORSAY-Bibl. Jacques Hadamard",914712203
"015095789",83,,"ORSAY-Bibl. Jacques Hadamard",914712203
"014833093",83,,"ORSAY-Bibl. Jacques Hadamard",914712203
"012174386",83,,"ORSAY-Bibl. Jacques Hadamard",914712203
"072332204",83,,"ORSAY-Bibl. Jacques Hadamard",914712203
"030685761",83,,"ORSAY-Bibl. Jacques Hadamard",914712203
"029652324",83,,"ORSAY-Bibl. Jacques Hadamard",914712203
"028608682",83,,"ORSAY-Bibl. Jacques Hadamard",914712203
"025918214",83,,"ORSAY-Bibl. Jacques Hadamard",914712203
"025896253",83,,"ORSAY-Bibl. Jacques Hadamard",914712203
"025717243",83,,"ORSAY-Bibl. Jacques Hadamard",914712203
"025552376",83,,"ORSAY-Bibl. Jacques Hadamard",914712203
"024838292",83,,"ORSAY-Bibl. Jacques Hadamard",914712203
"024838292",83,,"ORSAY-Bibl. Jacques Hadamard",914712203
"023940425",83,,"ORSAY-Bibl. Jacques Hadamard",914712203
"023738588",83,,"ORSAY-Bibl. Jacques Hadamard",914712203
"022882243",83,,"ORSAY-Bibl. Jacques Hadamard",914712203
"022723366",83,,"ORSAY-Bibl. Jacques Hadamard",914712203
"022676368",83,,"ORSAY-Bibl. Jacques Hadamard",914712203
"022018662",83,,"ORSAY-Bibl. Jacques Hadamard",914712203
"020387660",83,,"ORSAY-Bibl. Jacques Hadamard",914712203
"019702248",83,,"ORSAY-Bibl. Jacques Hadamard",914712203
"019438923",83,,"ORSAY-Bibl. Jacques Hadamard",914712203
"019352921",83,,"ORSAY-Bibl. Jacques Hadamard",914712203
"01900186X",83,,"ORSAY-Bibl. Jacques Hadamard",914712203
"01523472X",83,,"ORSAY-Bibl. Jacques Hadamard",914712203
"025058169",83,,"ORSAY-Bibl. Jacques Hadamard",914712203
"02485199X",83,,"ORSAY-Bibl. Jacques Hadamard",914712203
"024805947",83,,"ORSAY-Bibl. Jacques Hadamard",914712203
"024658529",83,,"ORSAY-Bibl. Jacques Hadamard",914712203
"023338091",83,,"ORSAY-Bibl. Jacques Hadamard",914712203
"022808183",83,,"ORSAY-Bibl. Jacques Hadamard",914712203
"022805117",83,,"ORSAY-Bibl. Jacques Hadamard",914712203
"022659412",83,,"ORSAY-Bibl. Jacques Hadamard",914712203
"015347869",83,,"ORSAY-Bibl. Jacques Hadamard",914712203
"014976366",83,,"ORSAY-Bibl. Jacques Hadamard",914712203
"014865483",83,,"ORSAY-Bibl. Jacques Hadamard",914712203
"009149082",83,,"ORSAY-Bibl. Jacques Hadamard",914712203
"007030061",83,,"ORSAY-Bibl. Jacques Hadamard",914712203
"027607844",83,,"ORSAY-Bibl. Jacques Hadamard",914712203
"02760747X",83,,"ORSAY-Bibl. Jacques Hadamard",914712203
"024852104",83,,"ORSAY-Bibl. Jacques Hadamard",914712203
"024833401",83,,"ORSAY-Bibl. Jacques Hadamard",914712203
"024827274",83,,"ORSAY-Bibl. Jacques Hadamard",914712203
"023115041",83,,"ORSAY-Bibl. Jacques Hadamard",914712203
"022628258",83,,"ORSAY-Bibl. Jacques Hadamard",914712203
"016294459",83,,"ORSAY-Bibl. Jacques Hadamard",914712203
"014546183",83,,"ORSAY-Bibl. Jacques Hadamard",914712203
"029714982",83,,"ORSAY-Bibl. Jacques Hadamard",914712203
"025824651",83,,"ORSAY-Bibl. Jacques Hadamard",914712203
"023688874",83,,"ORSAY-Bibl. Jacques Hadamard",914712203
"022691685",83,,"ORSAY-Bibl. Jacques Hadamard",914712203
"020229348",83,,"ORSAY-Bibl. Jacques Hadamard",914712203
"019705468",83,,"ORSAY-Bibl. Jacques Hadamard",914712203
"018876072",83,,"ORSAY-Bibl. Jacques Hadamard",914712203
"016659201",83,,"ORSAY-Bibl. Jacques Hadamard",914712203
"016561732",83,,"ORSAY-Bibl. Jacques Hadamard",914712203
"015258130",83,,"ORSAY-Bibl. Jacques Hadamard",914712203
"012486132",83,,"ORSAY-Bibl. Jacques Hadamard",914712203
"012199117",83,,"ORSAY-Bibl. Jacques Hadamard",914712203
"029974550",83,,"ORSAY-Bibl. Jacques Hadamard",914712203
"025948288",83,,"ORSAY-Bibl. Jacques Hadamard",914712203
"024847682",83,,"ORSAY-Bibl. Jacques Hadamard",914712203
"024537373",83,,"ORSAY-Bibl. Jacques Hadamard",914712203
"022675450",83,,"ORSAY-Bibl. Jacques Hadamard",914712203
"02042230X",83,,"ORSAY-Bibl. Jacques Hadamard",914712203
"019094825",83,,"ORSAY-Bibl. Jacques Hadamard",914712203
"018668135",83,,"ORSAY-Bibl. Jacques Hadamard",914712203
"016827007",83,,"ORSAY-Bibl. Jacques Hadamard",914712203
"016579380",83,,"ORSAY-Bibl. Jacques Hadamard",914712203
"016426304",83,,"ORSAY-Bibl. Jacques Hadamard",914712203
"015765474",83,,"ORSAY-Bibl. Jacques Hadamard",914712203
"012235342",83,,"ORSAY-Bibl. Jacques Hadamard",914712203
"012235342",83,,"ORSAY-Bibl. Jacques Hadamard",914712203
"029711355",83,,"ORSAY-Bibl. Jacques Hadamard",914712203
"024838489",83,,"ORSAY-Bibl. Jacques Hadamard",914712203
"024589411",83,,"ORSAY-Bibl. Jacques Hadamard",914712203
"023111038",83,,"ORSAY-Bibl. Jacques Hadamard",914712203
"023032251",83,,"ORSAY-Bibl. Jacques Hadamard",914712203
"023032235",83,,"ORSAY-Bibl. Jacques Hadamard",914712203
"022966579",83,,"ORSAY-Bibl. Jacques Hadamard",914712203
"022786260",83,,"ORSAY-Bibl. Jacques Hadamard",914712203
"020677979",83,,"ORSAY-Bibl. Jacques Hadamard",914712203
"020677979",83,,"ORSAY-Bibl. Jacques Hadamard",914712203
"019744110",83,,"ORSAY-Bibl. Jacques Hadamard",914712203
"018325165",83,,"ORSAY-Bibl. Jacques Hadamard",914712203
"016778936",83,,"ORSAY-Bibl. Jacques Hadamard",914712203
"016778936",83,,"ORSAY-Bibl. Jacques Hadamard",914712203
"016620712",83,,"ORSAY-Bibl. Jacques Hadamard",914712203
"016576020",83,,"ORSAY-Bibl. Jacques Hadamard",914712203
"016482565",83,,"ORSAY-Bibl. Jacques Hadamard",914712203
"015339408",83,,"ORSAY-Bibl. Jacques Hadamard",914712203
"023155450",83,,"ORSAY-Bibl. Jacques Hadamard",914712203
"022624716",83,,"ORSAY-Bibl. Jacques Hadamard",914712203
"016122895",83,,"ORSAY-Bibl. Jacques Hadamard",914712203
"014755424",83,,"ORSAY-Bibl. Jacques Hadamard",914712203
"029716136",83,,"ORSAY-Bibl. Jacques Hadamard",914712203
"023032189",83,,"ORSAY-Bibl. Jacques Hadamard",914712203
"019886195",83,,"ORSAY-Bibl. Jacques Hadamard",914712203
"016710347",83,,"ORSAY-Bibl. Jacques Hadamard",914712203
"016429028",83,,"ORSAY-Bibl. Jacques Hadamard",914712203
"029130700",83,,"ORSAY-Bibl. Jacques Hadamard",914712203
"027949621",83,,"ORSAY-Bibl. Jacques Hadamard",914712203
"02263536X",83,,"ORSAY-Bibl. Jacques Hadamard",914712203
"022630759",83,,"ORSAY-Bibl. Jacques Hadamard",914712203
"016556321",83,,"ORSAY-Bibl. Jacques Hadamard",914712203
"015963721",83,,"ORSAY-Bibl. Jacques Hadamard",914712203
"015337677",83,,"ORSAY-Bibl. Jacques Hadamard",914712203
"029727391",83,,"ORSAY-Bibl. Jacques Hadamard",914712203
"028034465",83,,"ORSAY-Bibl. Jacques Hadamard",914712203
"02334573X",83,,"ORSAY-Bibl. Jacques Hadamard",914712203
"022944494",83,,"ORSAY-Bibl. Jacques Hadamard",914712203
"027812960",83,,"ORSAY-Bibl. Jacques Hadamard",914712203
"025154982",83,,"ORSAY-Bibl. Jacques Hadamard",914712203
"020700725",83,,"ORSAY-Bibl. Jacques Hadamard",914712203
"01902620X",83,,"ORSAY-Bibl. Jacques Hadamard",914712203
"015338614",83,,"ORSAY-Bibl. Jacques Hadamard",914712203
"013087002",83,,"ORSAY-Bibl. Jacques Hadamard",914712203
"029704510",83,,"ORSAY-Bibl. Jacques Hadamard",914712203
"022737073",83,,"ORSAY-Bibl. Jacques Hadamard",914712203
"017259932",83,,"ORSAY-Bibl. Jacques Hadamard",914712203
"012293628",83,,"ORSAY-Bibl. Jacques Hadamard",914712203
"029693292",83,,"ORSAY-Bibl. Jacques Hadamard",914712203
"022902546",83,,"ORSAY-Bibl. Jacques Hadamard",914712203
"015817172",83,,"ORSAY-Bibl. Jacques Hadamard",914712203
"024542369",83,,"ORSAY-Bibl. Jacques Hadamard",914712203
"024809993",83,,"ORSAY-Bibl. Jacques Hadamard",914712203
"024700916",83,,"ORSAY-Bibl. Jacques Hadamard",914712203
"022646078",83,,"ORSAY-Bibl. Jacques Hadamard",914712203
"01277930X",83,,"ORSAY-Bibl. Jacques Hadamard",914712203
"025840312",83,,"ORSAY-Bibl. Jacques Hadamard",914712203
"022839526",83,,"ORSAY-Bibl. Jacques Hadamard",914712203
"016471393",83,,"ORSAY-Bibl. Jacques Hadamard",914712203
"029720028",83,,"ORSAY-Bibl. Jacques Hadamard",914712203
"025652788",83,,"ORSAY-Bibl. Jacques Hadamard",914712203
"015875687",83,,"ORSAY-Bibl. Jacques Hadamard",914712203
"022722254",83,,"ORSAY-Bibl. Jacques Hadamard",914712203
"012847046",83,,"ORSAY-Bibl. Jacques Hadamard",914712203
"029693675",83,,"ORSAY-Bibl. Jacques Hadamard",914712203
"016096460",83,,"ORSAY-Bibl. Jacques Hadamard",914712203
